<?xml version="1.0" encoding="utf-8"?>
<odoo>
    <data>
        <record id="seq_cert_cursos" model="ir.sequence">
            <field name="name">Student Sequence</field>
            <field name="code">cert.cursos</field>
            <field name="prefix">CE</field>
            <field name="padding">5</field>
            <field name="company_id" eval="False"/>
        </record>

        <record id="seq_cert_alumno" model="ir.sequence">
            <field name="name">Sequence</field>
            <field name="code">cert.alumno</field>
            <field name="prefix">A</field>
            <field name="padding">5</field>
            <field name="company_id" eval="False"/>
        </record>

        <record id="seq_cert_gasoil" model="ir.sequence">
            <field name="name">Sequence</field>
            <field name="code">cert.gasoil</field>
            <field name="prefix">CB</field>
            <field name="padding">5</field>
            <field name="company_id" eval="False"/>
        </record>
    </data>
</odoo>